zip3,destination_area,destination_state,scf_name,scf_state,scf_id
005,MID-ISLAND,NY,SCF MID-ISLAND,NY,117
006,SAN JUAN,PR,SCF SAN JUAN,PR,006
007,SAN JUAN,PR,SCF SAN JUAN,PR,006
008,SAN JUAN,PR,SCF SAN JUAN,PR,006
009,SAN JUAN,PR,SCF SAN JUAN,PR,006
010,HARTFORD,CT,SCF HARTFORD,CT,060
011,HARTFORD,CT,SCF HARTFORD,CT,060
012,HARTFORD,CT,SCF HARTFORD,CT,060
013,CENTRAL,MA,SCF CENTRAL,MA,015
014,CENTRAL,MA,SCF CENTRAL,MA,015
015,CENTRAL,MA,SCF CENTRAL,MA,015
016,WORCESTER,MA,SCF CENTRAL,MA,015
017,CENTRAL,MA,SCF CENTRAL,MA,015
018,MIDDLESEX-ESX,MA,SCF MIDDLESEX-ESX,MA,018
019,MIDDLESEX-ESX,MA,SCF MIDDLESEX-ESX,MA,018
020,BROCKTON,MA,SCF BROCKTON,MA,023
021,BOSTON,MA,SCF BOSTON,MA,021
022,BOSTON,MA,SCF BOSTON,MA,021
023,BROCKTON,MA,SCF BROCKTON,MA,023
024,NORTHWEST BOS,MA,SCF BOSTON,MA,021
025,PROVIDENCE,RI,SCF PROVIDENCE,RI,028
026,PROVIDENCE,RI,SCF PROVIDENCE,RI,028
027,PROVIDENCE,RI,SCF PROVIDENCE,RI,028
028,PROVIDENCE,RI,SCF PROVIDENCE,RI,028
029,PROVIDENCE,RI,SCF PROVIDENCE,RI,028
030,MANCHESTER,NH,SCF MANCHESTER,NH,030
031,MANCHESTER,NH,SCF MANCHESTER,NH,030
032,MANCHESTER,NH,SCF MANCHESTER,NH,030
033,CONCORD,NH,SCF MANCHESTER,NH,030
034,MANCHESTER,NH,SCF MANCHESTER,NH,030
035,WHITE RIV JCT,VT,SCF WHITE RIV JCT,VT,050
036,WHITE RIV JCT,VT,SCF WHITE RIV JCT,VT,050
037,WHITE RIV JCT,VT,SCF WHITE RIV JCT,VT,050
038,MANCHESTER,NH,SCF MANCHESTER,NH,030
039,SOUTHERN ,ME,SCF SOUTHERN,ME,040
040,SOUTHERN,ME,SCF SOUTHERN,ME,040
041,SOUTHERN,ME,SCF SOUTHERN,ME,040
042,SOUTHERN,ME,SCF SOUTHERN,ME,040
043,SOUTHERN,ME,SCF SOUTHERN,ME,040
044,EASTERN,ME,SCF EASTERN,ME,044
045,SOUTHERN,ME,SCF SOUTHERN,ME,040
046,EASTERN,ME,SCF EASTERN,ME,044
047,EASTERN,ME,SCF EASTERN,ME,044
048,SOUTHERN,ME,SCF SOUTHERN,ME,040
049,EASTERN,ME,SCF EASTERN,ME,044
050,WHITE RIV JCT,VT,SCF WHITE RIV JCT,VT,050
051,WHITE RIV JCT,VT,SCF WHITE RIV JCT,VT,050
052,WHITE RIV JCT,VT,SCF WHITE RIV JCT,VT,050
053,WHITE RIV JCT,VT,SCF WHITE RIV JCT,VT,050
054,BURLINGTON,VT,SCF BURLINGTON,VT,054
055,MIDDLESEX-ESX,MA,SCF MIDDLESEX-ESX,MA,018
056,BURLINGTON,VT,SCF BURLINGTON,VT,054
057,WHITE RIV JCT,VT,SCF WHITE RIV JCT,VT,050
058,WHITE RIV JCT,VT,SCF WHITE RIV JCT,VT,050
059,WHITE RIV JCT,VT,SCF WHITE RIV JCT,VT,050
060,HARTFORD,CT,SCF HARTFORD,CT,060
061,HARTFORD,CT,SCF HARTFORD,CT,060
062,HARTFORD,CT,SCF HARTFORD,CT,060
063,HARTFORD,CT,SCF HARTFORD,CT,060
064,HARTFORD,CT,SCF HARTFORD,CT,060
065,HARTFORD,CT,SCF HARTFORD,CT,060
066,WESTCHESTER ,NY,SCF WESTCHESTER,NY,105
067,HARTFORD,CT,SCF HARTFORD,CT,060
068,WESTCHESTER,NY,SCF WESTCHESTER,NY,105
069,WESTCHESTER,NY,SCF WESTCHESTER,NY,105
070,DV DANIELS,NJ,SCF DV DANIELS,NJ,070
071,NEWARK,NJ,SCF DV DANIELS,NJ,070
072,ELIZABETH,NJ,SCF DV DANIELS,NJ,070
073,JERSEY CITY,NJ,SCF DV DANIELS,NJ,070
074,NNJ METRO,NJ,SCF NNJ METRO,NJ,076
075,NNJ METRO,NJ,SCF NNJ METRO,NJ,076
076,NNJ METRO,NJ,SCF NNJ METRO,NJ,076
077,TRENTON,NJ,SCF TRENTON,NJ,085
078,NNJ METRO,NJ,SCF NNJ METRO,NJ,076
079,DV DANIELS,NJ,SCF DV DANIELS,NJ,070
080,SOUTH JERSEY,NJ,SCF SOUTH JERSEY,NJ,080
081,CAMDEN,NJ,SCF SOUTH JERSEY,NJ,080
082,SOUTH JERSEY,NJ,SCF SOUTH JERSEY,NJ,080
083,SOUTH JERSEY,NJ,SCF SOUTH JERSEY,NJ,080
084,ATLANTIC CITY,NJ,SCF SOUTH JERSEY,NJ,080
085,TRENTON,NJ,SCF TRENTON,NJ,085
086,TRENTON,NJ,SCF TRENTON,NJ,085
087,TRENTON,NJ,SCF TRENTON,NJ,085
088,DV DANIELS,NJ,SCF DV DANIELS,NJ,070
089,DV DANIELS,NJ,SCF DV DANIELS,NJ,070
090,APO  ,AE,NA,NA,NA
091,APO ,AE,NA,NA,NA
092,APO ,AE,NA,NA,NA
093,APO ,AE,NA,NA,NA
094,APO/FPO ,AE,NA,NA,NA
095,FPO ,AE,NA,NA,NA
096,APO/FPO,AE,NA,NA,NA
097,APO/FPO ,AE,NA,NA,NA
098,APO/FPO ,AE,NA,NA,NA
099,APO/FPO ,AE,NA,NA,NA
100,NEW YORK,NY,SCF NEW YORK,NY,100
101,NEW YORK,NY,SCF NEW YORK,NY,100
102,NEW YORK,NY,SCF NEW YORK,NY,100
103,BROOKLYN,NY,SCF BROOKLYN,NY,112
104,BRONX,NY,SCF NEW YORK,NY,100
105,WESTCHESTER,NY,SCF WESTCHESTER,NY,105
106,WHITE PLAINS,NY,SCF WESTCHESTER,NY,105
107,YONKERS,NY,SCF WESTCHESTER,NY,105
108,NEW ROCHELLE,NY,SCF WESTCHESTER,NY,105
109,WESTCHESTER,NY,SCF WESTCHESTER,NY,105
110,WESTERN NASSAU,NY,SCF WESTERN NASSAU,NY,115
111,LONG ISLAND CITY,NY,SCF QUEENS,NY,113
112,BROOKLYN,NY,SCF BROOKLYN,NY,112
113,FLUSHING,NY,SCF QUEENS,NY,113
114,JAMAICA,NY,SCF QUEENS,NY,113
115,WESTERN NASSAU,NY,SCF WESTERN NASSAU,NY,115
116,FAR ROCKAWAY,NY,SCF BROOKLYN,NY,112
117,MID-ISLAND,NY,SCF MID-ISLAND,NY,117
118,HICKSVILLE,NY,SCF MID-ISLAND,NY,117
119,MID-ISLAND,NY,SCF MID-ISLAND,NY,117
120,ALBANY,NY,SCF ALBANY,NY,120
121,ALBANY,NY,SCF ALBANY,NY,120
122,ALBANY,NY,SCF ALBANY,NY,120
123,SCHENECTADY,NY,SCF ALBANY,NY,120
124,MID-HUDSON,NY,SCF ALBANY,NY,125
125,MID-HUDSON,NY,SCF ALBANY,NY,125
126,POUGHKEEPSIE,NY,SCF ALBANY,NY,125
127,MID-HUDSON,NY,SCF ALBANY,NY,125
128,ALBANY,NY,SCF ALBANY,NY,120
129,ALBANY,NY,SCF ALBANY,NY,120
130,SYRACUSE,NY,SCF SYRACUSE,NY,130
131,SYRACUSE,NY,SCF SYRACUSE,NY,130
132,SYRACUSE,NY,SCF SYRACUSE,NY,130
133,SYRACUSE,NY,SCF SYRACUSE,NY,130
134,SYRACUSE,NY,SCF SYRACUSE,NY,130
135,SYRACUSE,NY,SCF SYRACUSE,NY,130
136,SYRACUSE,NY,SCF SYRACUSE,NY,130
137,SYRACUSE,NY,SCF SYRACUSE,NY,130
138,SYRACUSE,NY,SCF SYRACUSE,NY,130
139,SYRACUSE,NY,SCF SYRACUSE,NY,130
140,BUFFALO,NY,SCF BUFFALO,NY,140
141,BUFFALO,NY,SCF BUFFALO,NY,140
142,BUFFALO,NY,SCF BUFFALO,NY,140
143,NIAGARA FALLS,NY,SCF BUFFALO,NY,140
144,ROCHESTER,NY,SCF ROCHESTER,NY,144
145,ROCHESTER,NY,SCF ROCHESTER,NY,144
146,ROCHESTER,NY,SCF ROCHESTER,NY,144
147,BUFFALO,NY,SCF BUFFALO,NY,140
148,ROCHESTER,NY,SCF ROCHESTER,NY,144
149,ROCHESTER,NY,SCF ROCHESTER,NY,144
150,PITTSBURGH,PA,SCF PITTSBURGH,PA,150
151,PITTSBURGH,PA,SCF PITTSBURGH,PA,150
152,PITTSBURGH,PA,SCF PITTSBURGH,PA,150
153,PITTSBURGH,PA,SCF PITTSBURGH,PA,150
154,PITTSBURGH,PA,SCF PITTSBURGH,PA,150
155,JOHNSTOWN,PA,SCF JOHNSTOWN,PA,159
156,PITTSBURGH,PA,SCF PITTSBURGH,PA,150
157,JOHNSTOWN,PA,SCF JOHNSTOWN,PA,159
158,JOHNSTOWN,PA,SCF JOHNSTOWN,PA,159
159,JOHNSTOWN,PA,SCF JOHNSTOWN,PA,159
160,PITTSBURGH ,PA,SCF PITTSBURGH,PA,150
161,PITTSBURGH,PA,SCF PITTSBURGH,PA,150
162,PITTSBURGH,PA,SCF PITTSBURGH,PA,150
163,PITTSBURGH,PA,SCF PITTSBURGH,PA,150
164,PITTSBURGH,PA,SCF PITTSBURGH,PA,150
165,PITTSBURGH,PA,SCF PITTSBURGH,PA,150
166,JOHNSTOWN,PA,SCF JOHNSTOWN,PA,159
167,ROCHESTER,NY,SCF ROCHESTER,NY,144
168,JOHNSTOWN,PA,SCF JOHNSTOWN,PA,159
169,HARRISBURG,PA,SCF HARRISBURG,PA,170
170,HARRISBURG,PA,SCF HARRISBURG,PA,170
171,HARRISBURG,PA,SCF HARRISBURG,PA,170
172,HARRISBURG,PA,SCF HARRISBURG,PA,170
173,HARRISBURG,PA,SCF HARRISBURG,PA,170
174,HARRISBURG,PA,SCF HARRISBURG,PA,170
175,HARRISBURG,PA,SCF HARRISBURG,PA,170
176,HARRISBURG,PA,SCF HARRISBURG,PA,170
177,HARRISBURG,PA,SCF HARRISBURG,PA,170
178,HARRISBURG,PA,SCF HARRISBURG,PA,170
179,HARRISBURG,PA,SCF HARRISBURG,PA,170
180,LEHIGH VALLEY,PA,SCF LEHIGH VALLEY,PA,180
181,ALLENTOWN,PA,SCF LEHIGH VALLEY,PA,180
182,LEHIGH VALLEY ,PA,SCF LEHIGH VALLEY,PA,180
183,LEHIGH VALLEY,PA,SCF LEHIGH VALLEY,PA,180
184,LEHIGH VALLEY,PA,SCF LEHIGH VALLEY,PA,180
185,LEHIGH VALLEY,PA,SCF LEHIGH VALLEY,PA,180
186,LEHIGH VALLEY,PA,SCF LEHIGH VALLEY,PA,180
187,LEHIGH VALLEY,PA,SCF LEHIGH VALLEY,PA,180
188,LEHIGH VALLEY,PA,SCF LEHIGH VALLEY,PA,180
189,PHILADELPHIA,PA,SCF PHILADELPHIA,PA,190
190,PHILADELPHIA,PA,SCF PHILADELPHIA,PA,190
191,PHILADELPHIA,PA,SCF PHILADELPHIA,PA,190
192,PHILADELPHIA,PA,SCF PHILADELPHIA,PA,190
193,WILMINGTON,DE,SCF WILMINGTON,DE,197
194,PHILADELPHIA,PA,SCF PHILADELPHIA,PA,190
195,HARRISBURG,PA,SCF HARRISBURG,PA,170
196,HARRISBURG,PA,SCF HARRISBURG,PA,170
197,WILMINGTON,DE,SCF WILMINGTON,DE,197
198,WILMINGTON,DE,SCF WILMINGTON,DE,197
199,WILMINGTON,DE,SCF WILMINGTON,DE,197
200,WASHINGTON,DC,WASHINGTON,DC,"200,	D"
201,DULLES,VA,SCF DULLES,VA,201
202,WASHINGTON,DC,SCF WASHINGTON,DC,202
203,WASHINGTON,DC,SCF WASHINGTON,DC,202
204,WASHINGTON,DC,SCF WASHINGTON,DC,202
205,WASHINGTON,DC,SCF WASHINGTON,DC,202
206,SOUTHERN,MD,SCF SOUTHERN,MD,207
207,SOUTHERN,MD,SCF SOUTHERN,MD,207
208,SUBURBAN,MD,SCF SUBURBAN,MD,208
209,SUBURBAN,MD,SCF SUBURBAN,MD,208
210,LINTHICUM,MD,SCF LINTHICUM,MD,210
211,LINTHICUM,MD,SCF LINTHICUM,MD,210
212,BALTIMORE,MD,SCF BALTIMORE,MD,212
214,LINTHICUM,MD,SCF LINTHICUM,MD,210
215,BALTIMORE,MD,SCF BALTIMORE,MD,212
216,EASTERN SHORE,MD,SCF EASTERN SHORE,MD,216
217,FREDERICK,MD,SCF BALTIMORE,MD,212
218,SALISBURY,MD,SCF EASTERN SHORE,MD,216
219,BALTIMORE,MD,SCF BALTIMORE,MD,212
220,NORTHERN,VA,SCF NORTHERN,VA,220
221,NORTHERN,VA,SCF NORTHERN,VA,220
222,NORTHERN,VA,SCF NORTHERN,VA,220
223,NORTHERN,VA,SCF NORTHERN,VA,220
224,RICHMOND,VA,SCF RICHMOND,VA,230
225,RICHMOND,VA,SCF RICHMOND,VA,230
226,DULLES,VA,SCF DULLES,VA,201
227,DULLES,VA,SCF DULLES,VA,201
228,CHARLOTTESVLE,VA,SCF DULLES,VA,201
229,CHARLOTTESVLE,VA,SCF RICHMOND,VA,230
230,RICHMOND,VA,SCF RICHMOND,VA,230
231,RICHMOND,VA,SCF RICHMOND,VA,230
232,RICHMOND,VA,SCF RICHMOND,VA,230
233,NORFOLK,VA,SCF NORFOLK,VA,233
234,NORFOLK,VA,SCF NORFOLK,VA,233
235,NORFOLK,VA,SCF NORFOLK,VA,233
236,NORFOLK,VA,SCF NORFOLK,VA,233
237,PORTSMOUTH,VA,SCF NORFOLK,VA,233
238,RICHMOND,VA,SCF RICHMOND,VA,230
239,RICHMOND,VA,SCF RICHMOND,VA,230
240,ROANOKE,VA,SCF ROANOKE,VA,240
241,ROANOKE,VA,SCF ROANOKE,VA,240
242,KNOXVILLE,TN,SCF KNOXVILLE,TN,377
243,ROANOKE,VA,SCF ROANOKE,VA,240
244,CHARLOTTESVLE,VA,SCF RICHMOND,VA,230
245,ROANOKE,VA,SCF ROANOKE,VA,240
246,CHARLESTON,WV,SCF CHARLESTON,WV,250
247,CHARLESTON,WV,SCF CHARLESTON,WV,250
248,CHARLESTON,WV,SCF CHARLESTON,WV,250
249,CHARLESTON,WV,SCF CHARLESTON,WV,250
250,CHARLESTON,WV,SCF CHARLESTON,WV,250
251,CHARLESTON,WV,SCF CHARLESTON,WV,250
252,CHARLESTON,WV,SCF CHARLESTON,WV,250
253,CHARLESTON,WV,SCF CHARLESTON,WV,250
254,BALTIMORE,MD,SCF HARRISBURG,PA,170
255,CHARLESTON,WV,SCF CHARLESTON,WV,250
256,CHARLESTON,WV,SCF CHARLESTON,WV,250
257,CHARLESTON,WV,SCF CHARLESTON,WV,250
258,CHARLESTON,WV,SCF CHARLESTON,WV,250
259,CHARLESTON,WV,SCF CHARLESTON,WV,250
260,PITTSBURGH,PA,SCF PITTSBURGH,PA,150
261,CHARLESTON,WV,SCF CHARLESTON,WV,250
262,CHARLESTON,WV,SCF CHARLESTON,WV,250
263,CHARLESTON,WV,SCF CHARLESTON,WV,250
264,CHARLESTON,WV,SCF CHARLESTON,WV,250
265,PITTSBURGH,PA,SCF PITTSBURGH,PA,150
266,CHARLESTON,WV,SCF CHARLESTON,WV,250
267,BALTIMORE,MD,SCF BALTIMORE,MD,212
268,DULLES,VA,SCF DULLES,VA,201
270,GREENSBORO,NC,SCF GREENSBORO,NC,270
271,GREENSBORO,NC,SCF GREENSBORO,NC,270
272,GREENSBORO,NC,SCF GREENSBORO,NC,270
273,GREENSBORO,NC,SCF GREENSBORO,NC,270
274,GREENSBORO,NC,SCF GREENSBORO,NC,270
275,RALEIGH,NC,SCF RALEIGH,NC,275
276,RALEIGH,NC,SCF RALEIGH,NC,275
277,DURHAM,NC,SCF RALEIGH,NC,275
278,ROCKY MOUNT,NC,SCF RALEIGH,NC,275
279,ROCKY MOUNT,NC,SCF NORFOLK,VA,233
280,CHARLOTTE,NC,SCF CHARLOTTE,NC,280
281,CHARLOTTE,NC,SCF CHARLOTTE,NC,280
282,CHARLOTTE,NC,SCF CHARLOTTE,NC,280
283,FAYETTEVILLE,NC,SCF FAYETTEVILLE,NC,283
284,FAYETTEVILLE,NC,SCF FAYETTEVILLE,NC,283
285,FAYETTEVILLE,NC,SCF FAYETTEVILLE,NC,283
286,GREENSBORO,NC,SCF GREENSBORO,NC,270
287,GREENVILLE,SC,SCF GREENVILLE,SC,296
288,GREENVILLE,SC,SCF GREENVILLE,SC,296
289,GREENVILLE,SC,SCF GREENVILLE,SC,296
290,COLUMBIA,SC,SCF COLUMBIA,SC,290
291,COLUMBIA,SC,SCF COLUMBIA,SC,290
292,COLUMBIA,SC,SCF COLUMBIA,SC,290
293,GREENVILLE,SC,SCF GREENVILLE,SC,296
294,CHARLESTON,SC,SCF CHARLESTON,SC,294
295,COLUMBIA,SC,SCF COLUMBIA,SC,290
296,GREENVILLE,SC,SCF GREENVILLE,SC,296
297,CHARLOTTE,NC,SCF CHARLOTTE,NC,280
298,AUGUSTA,GA,SCF AUGUSTA,GA,308
299,CHARLESTON,SC,SCF CHARLESTON,SC,294
300,NORTH METRO,GA,SCF NORTH METRO,GA,300
301,ATLANTA,GA,SCF ATLANTA,GA,303
302,ATLANTA,GA,SCF ATLANTA,GA,303
303,ATLANTA,GA,SCF ATLANTA,GA,303
304,MACON,GA,SCF MACON,GA,310
305,NORTH METRO ,GA,SCF NORTH METRO,GA,300
306,NORTH METRO ,GA,SCF NORTH METRO,GA,300
307,CHATTANOOGA,TN,SCF CHATTANOOGA,TN,373
308,AUGUSTA,GA,SCF AUGUSTA,GA,308
309,AUGUSTA,GA,SCF AUGUSTA,GA,308
310,MACON,GA,SCF MACON,GA,310
311,ATLANTA,GA,SCF ATLANTA,GA,303
312,MACON,GA,SCF MACON,GA,310
313,JACKSONVILLE,FL,SCF JACKSONVILLE,FL,320
314,JACKSONVILLE,FL,SCF JACKSONVILLE,FL,320
315,JACKSONVILLE,FL,SCF JACKSONVILLE,FL,320
316,TALLAHASSEE,FL,SCF TALLAHASSEE,FL,323
317,TALLAHASSEE,FL,SCF TALLAHASSEE,FL,323
318,MACON,GA,SCF MACON,GA,310
319,MACON,GA,SCF MACON,GA,310
320,JACKSONVILLE,FL,SCF JACKSONVILLE,FL,320
321,ORLANDO,FL,SCF ORLANDO,FL,328
322,JACKSONVILLE,FL,SCF JACKSONVILLE,FL,320
323,TALLAHASSEE,FL,SCF TALLAHASSEE,FL,323
324,PENSACOLA,FL,SCF PENSACOLA,FL,325
325,PENSACOLA,FL,SCF PENSACOLA,FL,325
326,JACKSONVILLE,FL,SCF JACKSONVILLE,FL,320
327,ORLANDO,FL,SCF ORLANDO,FL,328
328,ORLANDO,FL,SCF ORLANDO,FL,328
329,ORLANDO,FL,SCF ORLANDO,FL,328
330,MIAMI,FL,SCF MIAMI,FL,331
331,MIAMI,FL,SCF MIAMI,FL,331
332,MIAMI,FL,SCF MIAMI,FL,331
333,MIAMI,FL,SCF MIAMI,FL,331
334,WEST PALM BCH,FL,SCF WEST PALM BCH,FL,334
335,TAMPA,FL,SCF TAMPA,FL,335
336,TAMPA,FL,SCF TAMPA,FL,335
337,MANASOTA,FL,SCF MANASOTA,FL,342
338,MANASOTA,FL,SCF MANASOTA,FL,342
339,FT MYERS,FL,SCF FT MYERS,FL,339
340,APO/FPO,AA,NA,NA,NA
341,FT MYERS,FL,SCF FT MYERS,FL,339
342,MANASOTA,FL,SCF MANASOTA,FL,342
344,JACKSONVILLE ,FL,SCF JACKSONVILLE,FL,320
346,TAMPA,FL,SCF TAMPA,FL,335
347,ORLANDO,FL,SCF ORLANDO,FL,328
349,WEST PALM BCH,FL,SCF WEST PALM BCH,FL,334
350,BIRMINGHAM,AL,SCF BIRMINGHAM,AL,350
351,BIRMINGHAM,AL,SCF BIRMINGHAM,AL,350
352,BIRMINGHAM,AL,SCF BIRMINGHAM,AL,350
354,BIRMINGHAM,AL,SCF BIRMINGHAM,AL,350
355,BIRMINGHAM,AL,SCF BIRMINGHAM,AL,350
356,BIRMINGHAM,AL,SCF BIRMINGHAM,AL,350
357,BIRMINGHAM,AL,SCF BIRMINGHAM,AL,350
358,BIRMINGHAM,AL,SCF BIRMINGHAM,AL,350
359,BIRMINGHAM,AL,SCF BIRMINGHAM,AL,350
360,MONTGOMERY,AL,SCF MONTGOMERY,AL,360
361,MONTGOMERY,AL,SCF MONTGOMERY,AL,360
362,BIRMINGHAM,AL,SCF BIRMINGHAM,AL,350
363,MONTGOMERY,AL,SCF MONTGOMERY,AL,360
364,MONTGOMERY,AL,SCF MONTGOMERY,AL,360
365,MOBILE,AL,SCF MOBILE,AL,365
366,MOBILE,AL,SCF MOBILE,AL,365
367,MONTGOMERY,AL,SCF MONTGOMERY,AL,360
368,MONTGOMERY,AL,SCF MONTGOMERY,AL,360
369,JACKSON ,MS,SCF JACKSON,MS,390
370,NASHVILLE,TN,SCF NASHVILLE,TN,370
371,NASHVILLE,TN,SCF NASHVILLE,TN,370
372,NASHVILLE,TN,SCF NASHVILLE,TN,370
373,CHATTANOOGA,TN,SCF CHATTANOOGA,TN,373
374,CHATTANOOGA,TN,SCF CHATTANOOGA,TN,373
375,MEMPHIS,TN,SCF MEMPHIS,TN,380
376,KNOXVILLE,TN,SCF KNOXVILLE,TN,377
377,KNOXVILLE,TN,SCF KNOXVILLE,TN,377
378,KNOXVILLE,TN,SCF KNOXVILLE,TN,377
379,KNOXVILLE,TN,SCF KNOXVILLE,TN,377
380,MEMPHIS,TN,SCF MEMPHIS,TN,380
381,MEMPHIS,TN,SCF MEMPHIS,TN,380
382,MEMPHIS,TN,SCF MEMPHIS,TN,380
383,MEMPHIS,TN,SCF MEMPHIS,TN,380
384,NASHVILLE,TN,SCF NASHVILLE,TN,370
385,NASHVILLE,TN,SCF NASHVILLE,TN,370
386,MEMPHIS,TN,SCF MEMPHIS,TN,380
387,JACKSON ,MS,SCF JACKSON,MS,390
388,MEMPHIS,TN,SCF MEMPHIS,TN,380
389,JACKSON,MS,SCF JACKSON,MS,390
390,JACKSON,MS,SCF JACKSON,MS,390
391,JACKSON,MS,SCF JACKSON,MS,390
392,JACKSON,MS,SCF JACKSON,MS,390
393,JACKSON ,MS,SCF JACKSON,MS,390
394,HATTIESBURG,MS,SCF MOBILE,AL,365
395,GULFPORT,MS,GULFPORT,MS,"395,	D"
396,JACKSON,MS,SCF JACKSON,MS,390
397,JACKSON,MS,SCF JACKSON,MS,390
398,TALLAHASSEE,FL,SCF TALLAHASSEE,FL,323
399,ATLANTA,GA,SCF ATLANTA,GA,303
400,LOUISVILLE,KY,SCF LOUISVILLE,KY,400
401,LOUISVILLE,KY,SCF LOUISVILLE,KY,400
402,LOUISVILLE,KY,SCF LOUISVILLE,KY,400
403,LEXINGTON,KY,SCF LEXINGTON,KY,403
404,LEXINGTON,KY,SCF LEXINGTON,KY,403
405,LEXINGTON,KY,SCF LEXINGTON,KY,403
406,FRANKFORT,KY,SCF LEXINGTON,KY,403
407,KNOXVILLE,TN,SCF KNOXVILLE,TN,377
408,KNOXVILLE,TN,SCF KNOXVILLE,TN,377
409,KNOXVILLE,TN,SCF KNOXVILLE,TN,377
410,CINCINNATI,OH,SCF CINCINNATI,OH,450
411,CHARLESTON,WV,SCF CHARLESTON,WV,250
412,CHARLESTON,WV,SCF CHARLESTON,WV,250
413,LEXINGTON,KY,SCF LEXINGTON,KY,403
414,LEXINGTON,KY,SCF LEXINGTON,KY,403
415,CHARLESTON,WV,SCF CHARLESTON,WV,250
416,CHARLESTON,WV,SCF CHARLESTON,WV,250
417,KNOXVILLE,TN,SCF KNOXVILLE,TN,377
418,KNOXVILLE,TN,SCF KNOXVILLE,TN,377
420,EVANSVILLE,IN,SCF EVANSVILLE,IN,476
421,NASHVILLE,TN,SCF NASHVILLE,TN,370
422,NASHVILLE,TN,SCF NASHVILLE,TN,370
423,EVANSVILLE ,IN,SCF EVANSVILLE,IN,476
424,EVANSVILLE,IN,SCF EVANSVILLE,IN,476
425,KNOXVILLE,TN,SCF KNOXVILLE,TN,377
426,KNOXVILLE,TN,SCF KNOXVILLE,TN,377
427,LOUISVILLE,KY,SCF LOUISVILLE,KY,400
430,COLUMBUS,OH,SCF COLUMBUS,OH,430
431,COLUMBUS,OH,SCF COLUMBUS,OH,430
432,COLUMBUS,OH,SCF COLUMBUS,OH,430
433,COLUMBUS,OH,SCF COLUMBUS,OH,430
434,TOLEDO,OH,SCF DETROIT,MI,481
435,TOLEDO,OH,SCF DETROIT,MI,481
436,TOLEDO,OH,SCF DETROIT,MI,481
437,COLUMBUS,OH,SCF COLUMBUS,OH,430
438,COLUMBUS,OH,SCF COLUMBUS,OH,430
439,PITTSBURGH,PA,SCF PITTSBURGH,PA,150
440,CLEVELAND,OH,SCF CLEVELAND,OH,440
441,CLEVELAND,OH,SCF CLEVELAND,OH,440
442,AKRON,OH,SCF AKRON,OH,442
443,AKRON,OH,SCF AKRON,OH,442
444,CLEVELAND ,OH,SCF CLEVELAND,OH,440
445,CLEVELAND,OH,SCF CLEVELAND,OH,440
446,AKRON,OH,SCF AKRON,OH,442
447,AKRON,OH,SCF AKRON,OH,442
448,CLEVELAND,OH,SCF CLEVELAND,OH,440
449,CLEVELAND,OH,SCF CLEVELAND,OH,440
450,CINCINNATI,OH,SCF CINCINNATI,OH,450
451,CINCINNATI,OH,SCF CINCINNATI,OH,450
452,CINCINNATI,OH,SCF CINCINNATI,OH,450
453,DAYTON,OH,SCF DAYTON,OH,453
454,DAYTON,OH,SCF DAYTON,OH,453
455,SPRINGFIELD,OH,SCF DAYTON,OH,453
456,COLUMBUS ,OH,SCF COLUMBUS,OH,430
457,COLUMBUS ,OH,SCF COLUMBUS,OH,430
458,COLUMBUS,OH,SCF COLUMBUS,OH,430
459,CINCINNATI,OH,SCF CINCINNATI,OH,450
460,INDIANAPOLIS,IN,SCF INDIANAPOLIS,IN,460
461,INDIANAPOLIS,IN,SCF INDIANAPOLIS,IN,460
462,INDIANAPOLIS,IN,SCF INDIANAPOLIS,IN,460
463,GARY,IN,SCF GARY,IN,463
464,GARY,IN,SCF GARY,IN,463
465,SOUTH BEND,IN,SCF SOUTH BEND,IN,465
466,SOUTH BEND,IN,SCF SOUTH BEND,IN,465
467,FORT WAYNE,IN,SCF FORT WAYNE,IN,467
468,FORT WAYNE,IN,SCF FORT WAYNE,IN,467
469,INDIANAPOLIS,IN,SCF INDIANAPOLIS,IN,460
470,CINCINNATI,OH,SCF CINCINNATI,OH,450
471,LOUISVILLE,KY,SCF LOUISVILLE,KY,400
472,INDIANAPOLIS,IN,SCF INDIANAPOLIS,IN,460
473,MUNCIE,IN,MUNCIE,IN,"473,	D"
474,INDIANAPOLIS,IN,SCF INDIANAPOLIS,IN,460
475,EVANSVILLE,IN,SCF EVANSVILLE,IN,476
476,EVANSVILLE,IN,SCF EVANSVILLE,IN,476
477,EVANSVILLE,IN,SCF EVANSVILLE,IN,476
478,INDIANAPOLIS,IN,SCF INDIANAPOLIS,IN,460
479,INDIANAPOLIS,IN,SCF INDIANAPOLIS,IN,460
480,METROPLEX ,MI,SCF METROPLEX,MI,480
481,DETROIT,MI,SCF DETROIT,MI,481
482,DETROIT,MI,SCF DETROIT,MI,481
483,METROPLEX ,MI,SCF METROPLEX,MI,480
484,METROPLEX,MI,SCF METROPLEX,MI,480
485,METROPLEX,MI,SCF METROPLEX,MI,480
486,METROPLEX,MI,SCF METROPLEX,MI,480
487,METROPLEX,MI,SCF METROPLEX,MI,480
488,LANSING,MI,SCF LANSING,MI,488
489,LANSING,MI,SCF LANSING,MI,488
490,GRAND RAPIDS,MI,SCF GRAND RAPIDS,MI,493
491,GRAND RAPIDS,MI,SCF GRAND RAPIDS,MI,493
492,DETROIT,MI,SCF DETROIT,MI,481
493,GRAND RAPIDS,MI,SCF GRAND RAPIDS,MI,493
494,GRAND RAPIDS,MI,SCF GRAND RAPIDS,MI,493
495,GRAND RAPIDS,MI,SCF GRAND RAPIDS,MI,493
496,TRAVERSE CITY,MI,SCF TRAVERSE CITY,MI,496
497,TRAVERSE CITY,MI,SCF TRAVERSE CITY,MI,496
498,IRON MOUNTAIN,MI,SCF IRON MOUNTAIN,MI,498
499,IRON MOUNTAIN,MI,SCF IRON MOUNTAIN,MI,498
500,DES MOINES,IA,SCF DES MOINES,IA,500
501,DES MOINES,IA,SCF DES MOINES,IA,500
502,DES MOINES,IA,SCF DES MOINES,IA,500
503,DES MOINES,IA,SCF DES MOINES,IA,500
504,WATERLOO,IA,SCF WATERLOO,IA,506
505,DES MOINES,IA,SCF DES MOINES,IA,500
506,WATERLOO,IA,SCF WATERLOO,IA,506
507,WATERLOO,IA,SCF WATERLOO,IA,506
508,DES MOINES,IA,SCF DES MOINES,IA,500
509,DES MOINES,IA,SCF DES MOINES,IA,500
510,SIOUX FALLS,SD,SCF SIOUX FALLS,SD,570
511,SIOUX FALLS,SD,SCF SIOUX FALLS,SD,570
512,SIOUX FALLS,SD,SCF SIOUX FALLS,SD,570
513,SIOUX FALLS,SD,SCF SIOUX FALLS,SD,570
514,DES MOINES,IA,SCF DES MOINES,IA,500
515,OMAHA,NE,SCF OMAHA,NE,680
516,OMAHA,NE,SCF OMAHA,NE,680
520,CEDAR RAPIDS,IA,SCF CEDAR RAPIDS,IA,522
521,WATERLOO,IA,SCF WATERLOO,IA,506
522,CEDAR RAPIDS,IA,SCF CEDAR RAPIDS,IA,522
523,CEDAR RAPIDS,IA,SCF CEDAR RAPIDS,IA,522
524,CEDAR RAPIDS,IA,SCF CEDAR RAPIDS,IA,522
525,DES MOINES,IA,SCF DES MOINES,IA,500
526,QUAD CITIES,IL,SCF QUAD CITIES,IL,612
527,QUAD CITIES,IL,SCF QUAD CITIES,IL,612
528,DAVENPORT,IA,SCF QUAD CITIES,IL,612
530,MILWAUKEE,WI,SCF MILWAUKEE,WI,530
531,MILWAUKEE,WI,SCF MILWAUKEE,WI,530
532,MILWAUKEE,WI,SCF MILWAUKEE,WI,530
534,RACINE,WI,SCF MILWAUKEE,WI,530
535,MADISON,WI,SCF MADISON,WI,535
537,MADISON,WI,SCF MADISON,WI,535
538,MADISON,WI,SCF MADISON,WI,535
539,MADISON,WI,SCF MADISON,WI,535
540,ST PAUL,MN,SCF ST PAUL,MN,550
541,GREEN BAY,WI,SCF GREEN BAY,WI,541
542,GREEN BAY,WI,SCF GREEN BAY,WI,541
543,GREEN BAY,WI,SCF GREEN BAY,WI,541
544,GREEN BAY,WI,SCF GREEN BAY,WI,541
545,GREEN BAY,WI,SCF GREEN BAY,WI,541
546,ST PAUL,MN,SCF ST PAUL,MN,550
547,EAU CLAIRE,WI,SCF EAU CLAIRE,WI,547
548,EAU CLAIRE,WI,SCF EAU CLAIRE,WI,547
549,MILWAUKEE,WI,SCF MILWAUKEE,WI,530
550,ST PAUL ,MN,SCF ST PAUL,MN,550
551,ST PAUL,MN,SCF ST PAUL,MN,550
553,MINNEAPOLIS,MN,SCF MINNEAPOLIS,MN,553
554,MINNEAPOLIS,MN,SCF MINNEAPOLIS,MN,553
555,MINNEAPOLIS,MN,SCF MINNEAPOLIS,MN,553
556,ST PAUL,MN,SCF ST PAUL,MN,550
557,ST PAUL,MN,SCF ST PAUL,MN,550
558,ST PAUL,MN,SCF ST PAUL,MN,550
559,ST PAUL,MN,SCF ST PAUL,MN,550
560,MANKATO,MN,SCF MANKATO,MN,560
561,MANKATO,MN,SCF MANKATO,MN,560
562,ST CLOUD,MN,SCF ST CLOUD,MN,563
563,ST CLOUD,MN,SCF ST CLOUD,MN,563
564,ST CLOUD,MN,SCF ST CLOUD,MN,563
565,FARGO,ND,SCF FARGO,ND,580
566,BEMIDJI,MN,BEMIDJI,MN,"566,	D"
567,GRAND FORKS,ND,SCF GRAND FORKS,ND,582
570,SIOUX FALLS,SD,SCF SIOUX FALLS,SD,570
571,SIOUX FALLS,SD,SCF SIOUX FALLS,SD,570
572,DAKOTA CENTRAL,SD,SCF DAKOTA CENTRAL,SD,572
573,DAKOTA CENTRAL,SD,SCF DAKOTA CENTRAL,SD,572
574,DAKOTA CENTRAL,SD,SCF DAKOTA CENTRAL,SD,572
575,DAKOTA CENTRAL,SD,SCF DAKOTA CENTRAL,SD,572
576,BISMARCK,ND,SCF BISMARCK,ND,585
577,RAPID CITY,SD,RAPID CITY,SD,"577,	D"
580,FARGO,ND,SCF FARGO,ND,580
581,FARGO,ND,SCF FARGO,ND,580
582,GRAND FORKS,ND,SCF GRAND FORKS,ND,582
583,GRAND FORKS,ND,SCF GRAND FORKS,ND,582
584,FARGO,ND,SCF FARGO,ND,580
585,BISMARCK,ND,SCF BISMARCK,ND,585
586,BISMARCK,ND,SCF BISMARCK,ND,585
587,BISMARCK,ND,SCF BISMARCK,ND,585
588,BISMARCK,ND,SCF BISMARCK,ND,585
590,BILLINGS,MT,SCF BILLINGS,MT,590
591,BILLINGS,MT,SCF BILLINGS,MT,590
592,BILLINGS,MT,SCF BILLINGS,MT,590
593,BILLINGS,MT,SCF BILLINGS,MT,590
594,GREAT FALLS,MT,SCF GREAT FALLS,MT,594
595,GREAT FALLS,MT,SCF GREAT FALLS,MT,594
596,GREAT FALLS,MT,SCF GREAT FALLS,MT,594
597,BILLINGS,MT,SCF BILLINGS,MT,590
598,MISSOULA,MT,SCF MISSOULA,MT,598
599,MISSOULA,MT,SCF MISSOULA,MT,598
600,PALATINE,IL,SCF PALATINE,IL,600
601,CAROL STREAM,IL,SCF CAROL STREAM,IL,601
602,EVANSTON,IL,SCF PALATINE,IL,600
603,OAK PARK,IL,SCF CAROL STREAM,IL,601
604,S SUBURBAN,IL,S SUBURBAN,IL,"604,	D"
605,FOX VALLEY,IL,FOX VALLEY,IL,"605,	D"
606,CHICAGO,IL,SCF CHICAGO,IL,606
607,CHICAGO,IL,SCF CHICAGO,IL,606
608,CHICAGO,IL,SCF CHICAGO,IL,606
609,CHAMPAIGN,IL,SCF CHAMPAIGN,IL,618
610,PALATINE,IL,SCF PALATINE,IL,600
611,PALATINE,IL,SCF PALATINE,IL,600
612,QUAD CITIES,IL,SCF QUAD CITIES,IL,612
613,PEORIA,IL,SCF PEORIA,IL,615
614,PEORIA,IL,SCF PEORIA,IL,615
615,PEORIA,IL,SCF PEORIA,IL,615
616,PEORIA,IL,SCF PEORIA,IL,615
617,CHAMPAIGN,IL,SCF CHAMPAIGN,IL,618
618,CHAMPAIGN,IL,SCF CHAMPAIGN,IL,618
619,CHAMPAIGN,IL,SCF CHAMPAIGN,IL,618
620,ST LOUIS,MO,SCF ST LOUIS,MO,630
622,ST LOUIS,MO,SCF ST LOUIS,MO,630
623,SPRINGFIELD,IL,SCF SPRINGFIELD,IL,625
624,CHAMPAIGN,IL,SCF CHAMPAIGN,IL,618
625,SPRINGFIELD,IL,SCF SPRINGFIELD,IL,625
626,SPRINGFIELD,IL,SCF SPRINGFIELD,IL,625
627,SPRINGFIELD,IL,SCF SPRINGFIELD,IL,625
628,ST LOUIS,MO,SCF ST LOUIS,MO,630
629,ST LOUIS,MO,SCF ST LOUIS,MO,630
630,ST LOUIS,MO,SCF ST LOUIS,MO,630
631,ST LOUIS,MO,SCF ST LOUIS,MO,630
633,ST LOUIS,MO,SCF ST LOUIS,MO,630
634,ST LOUIS,MO,SCF ST LOUIS,MO,630
635,MID-MISSOURI,MO,SCF MID-MISSOURI,MO,650
636,ST LOUIS,MO,SCF ST LOUIS,MO,630
637,ST LOUIS,MO,SCF ST LOUIS,MO,630
638,ST LOUIS,MO,SCF ST LOUIS,MO,630
639,ST LOUIS,MO,SCF ST LOUIS,MO,630
640,KANSAS CITY,MO,SCF KANSAS CITY,MO,640
641,KANSAS CITY,MO,SCF KANSAS CITY,MO,640
644,KANSAS CITY,MO,SCF KANSAS CITY,MO,640
645,KANSAS CITY,MO,SCF KANSAS CITY,MO,640
646,KANSAS CITY,MO,SCF KANSAS CITY,MO,640
647,KANSAS CITY,MO,SCF KANSAS CITY,MO,640
648,SPRINGFIELD,MO,SCF SPRINGFIELD,MO,656
649,KANSAS CITY,MO,SCF KANSAS CITY,MO,640
650,MID-MISSOURI,MO,SCF MID-MISSOURI,MO,650
651,MID-MISSOURI,MO,SCF MID-MISSOURI,MO,650
652,MID-MISSOURI,MO,SCF MID-MISSOURI,MO,650
653,MID-MISSOURI,MO,SCF MID-MISSOURI,MO,650
654,SPRINGFIELD,MO,SCF SPRINGFIELD,MO,656
655,SPRINGFIELD,MO,SCF SPRINGFIELD,MO,656
656,SPRINGFIELD,MO,SCF SPRINGFIELD,MO,656
657,SPRINGFIELD,MO,SCF SPRINGFIELD,MO,656
658,SPRINGFIELD,MO,SCF SPRINGFIELD,MO,656
660,KANSAS CITY,MO,SCF KANSAS CITY,MO,640
661,KANSAS CITY,MO,SCF KANSAS CITY,MO,640
662,SHAWNEE MISSION ,KS,SCF KANSAS CITY,MO,640
664,KANSAS CITY ,MO,SCF KANSAS CITY,MO,640
665,KANSAS CITY,MO,SCF KANSAS CITY,MO,640
666,KANSAS CITY,MO,SCF KANSAS CITY,MO,640
667,KANSAS CITY,MO,SCF KANSAS CITY,MO,640
668,KANSAS CITY,MO,SCF KANSAS CITY,MO,640
669,SALINA,KS,SCF WICHITA,KS,670
670,WICHITA,KS,SCF WICHITA,KS,670
671,WICHITA,KS,SCF WICHITA,KS,670
672,WICHITA,KS,SCF WICHITA,KS,670
673,WICHITA,KS,SCF WICHITA,KS,670
674,SALINA,KS,SCF WICHITA,KS,670
675,WICHITA ,KS,SCF WICHITA,KS,670
676,WICHITA,KS,SCF WICHITA,KS,670
677,NORTH PLATTE ,NE,SCF NORTH PLATTE,NE,691
678,WICHITA,KS,SCF WICHITA,KS,670
679,AMARILLO,TX,SCF AMARILLO,TX,790
680,OMAHA,NE,SCF OMAHA,NE,680
681,OMAHA,NE,SCF OMAHA,NE,680
683,OMAHA,NE,SCF OMAHA,NE,680
684,OMAHA,NE,SCF OMAHA,NE,680
685,OMAHA,NE,SCF OMAHA,NE,680
686,OMAHA,NE,SCF OMAHA,NE,680
687,OMAHA,NE,SCF OMAHA,NE,680
688,OMAHA,NE,SCF OMAHA,NE,680
689,OMAHA,NE,SCF OMAHA,NE,680
690,NORTH PLATTE,NE,SCF NORTH PLATTE,NE,691
691,NORTH PLATTE,NE,SCF NORTH PLATTE,NE,691
692,NORTH PLATTE,NE,SCF NORTH PLATTE,NE,691
693,NORTH PLATTE ,NE,SCF NORTH PLATTE,NE,691
700,NEW ORLEANS,LA,SCF NEW ORLEANS,LA,700
701,NEW ORLEANS,LA,SCF NEW ORLEANS,LA,700
703,NEW ORLEANS,LA,SCF NEW ORLEANS,LA,700
704,NEW ORLEANS,LA,SCF NEW ORLEANS,LA,700
705,LAFAYETTE,LA,SCF LAFAYETTE,LA,705
706,LAFAYETTE,LA,SCF LAFAYETTE,LA,705
707,BATON ROUGE,LA,SCF BATON ROUGE,LA,707
708,BATON ROUGE,LA,SCF BATON ROUGE,LA,707
710,SHREVEPORT,LA,SCF SHREVEPORT,LA,710
711,SHREVEPORT,LA,SCF SHREVEPORT,LA,710
712,SHREVEPORT,LA,SCF SHREVEPORT,LA,710
713,SHREVEPORT,LA,SCF SHREVEPORT,LA,710
714,SHREVEPORT,LA,SCF SHREVEPORT,LA,710
716,LITTLE ROCK,AR,SCF LITTLE ROCK,AR,720
717,LITTLE ROCK,AR,SCF LITTLE ROCK,AR,720
718,SHREVEPORT,LA,SCF SHREVEPORT,LA,710
719,LITTLE ROCK,AR,SCF LITTLE ROCK,AR,720
720,LITTLE ROCK,AR,SCF LITTLE ROCK,AR,720
721,LITTLE ROCK,AR,SCF LITTLE ROCK,AR,720
722,LITTLE ROCK,AR,SCF LITTLE ROCK,AR,720
723,MEMPHIS,TN,SCF MEMPHIS,TN,380
724,MEMPHIS,TN,SCF MEMPHIS,TN,380
725,LITTLE ROCK,AR,SCF LITTLE ROCK,AR,720
726,NW ARKANSAS,AR,SCF NW ARKANSAS,AR,727
727,NW ARKANSAS,AR,SCF NW ARKANSAS,AR,727
728,LITTLE ROCK,AR,SCF LITTLE ROCK,AR,720
729,NW ARKANSAS,AR,SCF NW ARKANSAS,AR,727
730,OKLAHOMA CITY,OK,SCF OKLAHOMA CITY,OK,730
731,OKLAHOMA CITY,OK,SCF OKLAHOMA CITY,OK,730
733,AUSTIN,TX,SCF AUSTIN,TX,786
734,OKLAHOMA CITY,OK,SCF OKLAHOMA CITY,OK,730
735,OKLAHOMA CITY,OK,SCF OKLAHOMA CITY,OK,730
736,OKLAHOMA CITY,OK,SCF OKLAHOMA CITY,OK,730
737,OKLAHOMA CITY,OK,SCF OKLAHOMA CITY,OK,730
738,OKLAHOMA CITY,OK,SCF OKLAHOMA CITY,OK,730
739,AMARILLO,TX,SCF AMARILLO,TX,790
740,TULSA,OK,SCF TULSA,OK,740
741,TULSA,OK,SCF TULSA,OK,740
743,TULSA,OK,SCF TULSA,OK,740
744,TULSA,OK,SCF TULSA,OK,740
745,TULSA,OK,SCF TULSA,OK,740
746,TULSA,OK,SCF TULSA,OK,740
747,TULSA,OK,SCF TULSA,OK,740
748,OKLAHOMA CITY,OK,SCF OKLAHOMA CITY,OK,730
749,TULSA,OK,SCF TULSA,OK,740
750,NORTH TEXAS,TX,SCF NORTH TEXAS,TX,750
751,DALLAS,TX,SCF DALLAS,TX,752
752,DALLAS,TX,SCF DALLAS,TX,752
753,DALLAS,TX,SCF DALLAS,TX,752
754,NORTH TEXAS,TX,SCF NORTH TEXAS,TX,750
755,SHREVEPORT,LA,SCF SHREVEPORT,LA,710
756,SHREVEPORT,LA,SCF SHREVEPORT,LA,710
757,NORTH TEXAS,TX,SCF NORTH TEXAS,TX,750
758,NORTH TEXAS,TX,SCF NORTH TEXAS,TX,750
759,NORTH HOUSTON ,TX,SCF SHREVEPORT,LA,710
760,FT WORTH,TX,SCF FT WORTH,TX,760
761,FT WORTH,TX,SCF FT WORTH,TX,760
762,FT WORTH,TX,SCF FT WORTH,TX,760
763,FT WORTH ,TX,SCF FT WORTH,TX,760
764,FT WORTH,TX,SCF FT WORTH,TX,760
765,AUSTIN,TX,SCF AUSTIN,TX,786
766,FT WORTH,TX,SCF FT WORTH,TX,760
767,FT WORTH,TX,SCF FT WORTH,TX,760
768,ABILENE,TX,SCF ABILENE,TX,795
769,ABILENE,TX,SCF ABILENE,TX,795
770,SOUTH HOUSTON,TX,SCF SOUTH HOUSTON,TX,774
772,SOUTH HOUSTON,TX,SCF SOUTH HOUSTON,TX,774
773,NORTH HOUSTON,TX,SCF NORTH HOUSTON,TX,773
774,SOUTH HOUSTON,TX,SCF SOUTH HOUSTON,TX,774
775,NORTH HOUSTON,TX,SCF NORTH HOUSTON,TX,773
776,NORTH HOUSTON,TX,SCF NORTH HOUSTON,TX,773
777,NORTH HOUSTON,TX,SCF NORTH HOUSTON,TX,773
778,NORTH HOUSTON ,TX,SCF NORTH HOUSTON,TX,773
779,CORPUS CHRISTI,TX,SCF CORPUS CHRISTI,TX,783
780,SAN ANTONIO,TX,SCF SAN ANTONIO,TX,780
781,SAN ANTONIO,TX,SCF SAN ANTONIO,TX,780
782,SAN ANTONIO,TX,SCF SAN ANTONIO,TX,780
783,CORPUS CHRISTI,TX,SCF CORPUS CHRISTI,TX,783
784,CORPUS CHRISTI,TX,SCF CORPUS CHRISTI,TX,783
785,MCALLEN,TX,MCALLEN,TX,"785,	D"
786,AUSTIN,TX,SCF AUSTIN,TX,786
787,AUSTIN,TX,SCF AUSTIN,TX,786
788,SAN ANTONIO,TX,SCF SAN ANTONIO,TX,780
789,AUSTIN,TX,SCF AUSTIN,TX,786
790,AMARILLO,TX,SCF AMARILLO,TX,790
791,AMARILLO,TX,SCF AMARILLO,TX,790
792,AMARILLO,TX,SCF AMARILLO,TX,790
793,LUBBOCK,TX,SCF LUBBOCK,TX,793
794,LUBBOCK,TX,SCF LUBBOCK,TX,793
795,ABILENE,TX,SCF ABILENE,TX,795
796,ABILENE,TX,SCF ABILENE,TX,795
797,MIDLAND,TX,MIDLAND,TX,"797,	D"
798,EL PASO,TX,SCF EL PASO,TX,798
799,EL PASO,TX,SCF EL PASO,TX,798
800,DENVER,CO,SCF DENVER,CO,800
801,DENVER,CO,SCF DENVER,CO,800
802,DENVER,CO,SCF DENVER,CO,800
803,BOULDER,CO,SCF DENVER,CO,800
804,DENVER,CO,SCF DENVER,CO,800
805,LONGMONT,CO,SCF DENVER,CO,800
806,DENVER,CO,SCF DENVER,CO,800
807,DENVER,CO,SCF DENVER,CO,800
808,COLORADO SPGS,CO,SCF COLORADO SPRINGS,CO,808
809,COLORADO SPGS,CO,SCF COLORADO SPRINGS,CO,808
810,COLORADO SPGS,CO,SCF COLORADO SPRINGS,CO,808
811,DENVER,CO,SCF COLORADO SPRINGS,CO,808
812,DENVER,CO,SCF COLORADO SPRINGS,CO,808
813,ALBUQUERQUE,NM,SCF ALBUQUERQUE,NM,870
814,GRAND JUNCTION,CO,SCF GRAND JUNCTION,CO,814
815,GRAND JUNCTION,CO,SCF GRAND JUNCTION,CO,814
816,GRAND JUNCTION,CO,SCF GRAND JUNCTION,CO,814
820,CHEYENNE,WY,SCF CHEYENNE,WY,820
821,YELLOWSTONE NL PK,WY,SCF BILLINGS,MT,590
822,CHEYENNE,WY,SCF CHEYENNE,WY,820
823,CHEYENNE,WY,SCF CHEYENNE,WY,820
824,CASPER,WY,SCF CASPER,WY,826
825,CASPER,WY,SCF CASPER,WY,826
826,CASPER,WY,SCF CASPER,WY,826
827,CASPER,WY,SCF CASPER,WY,826
828,CASPER,WY,SCF CASPER,WY,826
829,SALT LAKE CITY,UT,SCF SALT LAKE CITY,UT,840
830,SALT LAKE CITY,UT,SCF SALT LAKE CITY,UT,840
831,SALT LAKE CITY,UT,SCF SALT LAKE CITY,UT,840
832,BOISE,ID,SCF BOISE,ID,836
833,BOISE,ID,SCF BOISE,ID,836
834,BOISE,ID,SCF BOISE,ID,836
835,SPOKANE,WA,SCF SPOKANE,WA,990
836,BOISE,ID,SCF BOISE,ID,836
837,BOISE,ID,SCF BOISE,ID,836
838,SPOKANE,WA,SCF SPOKANE,WA,990
840,SALT LAKE CITY,UT,SCF SALT LAKE CITY,UT,840
841,SALT LAKE CITY,UT,SCF SALT LAKE CITY,UT,840
842,SALT LAKE CITY,UT,SCF SALT LAKE CITY,UT,840
843,SALT LAKE CITY,UT,SCF SALT LAKE CITY,UT,840
844,SALT LAKE CITY,UT,SCF SALT LAKE CITY,UT,840
845,PROVO,UT,SCF PROVO,UT,846
846,PROVO,UT,SCF PROVO,UT,846
847,PROVO,UT,SCF LAS VEGAS,NV,890
850,PHOENIX,AZ,SCF PHOENIX,AZ,852
851,PHOENIX,AZ,SCF PHOENIX,AZ,852
852,PHOENIX,AZ,SCF PHOENIX,AZ,852
853,PHOENIX,AZ,SCF PHOENIX,AZ,852
855,PHOENIX,AZ,SCF PHOENIX,AZ,852
856,TUCSON,AZ,SCF TUCSON,AZ,856
857,TUCSON,AZ,SCF TUCSON,AZ,856
859,PHOENIX,AZ,SCF PHOENIX,AZ,852
860,PHOENIX ,AZ,SCF PHOENIX,AZ,852
863,PHOENIX,AZ,SCF PHOENIX,AZ,852
864,LAS VEGAS,NV,SCF LAS VEGAS,NV,890
865,ALBUQUERQUE,NM,SCF ALBUQUERQUE,NM,870
870,ALBUQUERQUE,NM,SCF ALBUQUERQUE,NM,870
871,ALBUQUERQUE,NM,SCF ALBUQUERQUE,NM,870
873,ALBUQUERQUE,NM,SCF ALBUQUERQUE,NM,870
874,ALBUQUERQUE,NM,SCF ALBUQUERQUE,NM,870
875,ALBUQUERQUE,NM,SCF ALBUQUERQUE,NM,870
876,ALBUQUERQUE,NM,SCF ALBUQUERQUE,NM,870
877,ALBUQUERQUE,NM,SCF ALBUQUERQUE,NM,870
878,ALBUQUERQUE ,NM,SCF ALBUQUERQUE,NM,870
879,ALBUQUERQUE,NM,SCF ALBUQUERQUE,NM,870
880,EL PASO ,TX,SCF EL PASO,TX,798
881,LUBBOCK,TX,SCF LUBBOCK,TX,793
882,LUBBOCK,TX,SCF LUBBOCK,TX,793
883,EL PASO,TX,SCF EL PASO,TX,798
884,ALBUQUERQUE,NM,SCF ALBUQUERQUE,NM,870
885,EL PASO,TX,SCF EL PASO,TX,798
889,LAS VEGAS,NV,SCF LAS VEGAS,NV,890
890,LAS VEGAS,NV,SCF LAS VEGAS,NV,890
891,LAS VEGAS,NV,SCF LAS VEGAS,NV,890
893,LAS VEGAS,NV,SCF LAS VEGAS,NV,890
894,RENO,NV,SCF RENO,NV,894
895,RENO,NV,SCF RENO,NV,894
897,CARSON CITY,NV,SCF RENO,NV,894
898,SALT LAKE CITY,UT,SCF SALT LAKE CITY,UT,840
900,LOS ANGELES,CA,SCF LOS ANGELES,CA,900
901,LOS ANGELES,CA,SCF LOS ANGELES,CA,900
902,LOS ANGELES,CA,SCF LOS ANGELES,CA,900
903,LOS ANGELES,CA,SCF LOS ANGELES,CA,900
904,LOS ANGELES,CA,SCF LOS ANGELES,CA,900
905,LOS ANGELES,CA,SCF LOS ANGELES,CA,900
906,INDUSTRY,CA,SCF INDUSTRY,CA,917
907,LOS ANGELES,CA,SCF LOS ANGELES,CA,900
908,LOS ANGELES,CA,SCF LOS ANGELES,CA,900
910,PASADENA,CA,SCF SANTA CLARITA,CA,913
911,SANTA CLARITA,CA,SCF SANTA CLARITA,CA,913
912,SANTA CLARITA,CA,SCF SANTA CLARITA,CA,913
913,SANTA CLARITA,CA,SCF SANTA CLARITA,CA,913
914,SANTA CLARITA,CA,SCF SANTA CLARITA,CA,913
915,SANTA CLARITA,CA,SCF SANTA CLARITA,CA,913
916,SANTA CLARITA,CA,SCF SANTA CLARITA,CA,913
917,INDUSTRY,CA,SCF INDUSTRY,CA,917
918,INDUSTRY,CA,SCF INDUSTRY,CA,917
919,SAN DIEGO,CA,SCF SAN DIEGO,CA,920
920,SAN DIEGO,CA,SCF SAN DIEGO,CA,920
921,SAN DIEGO,CA,SCF SAN DIEGO,CA,920
922,SN BERNARDINO,CA,SCF SN BERNARDINO,CA,923
923,SN BERNARDINO,CA,SCF SN BERNARDINO,CA,923
924,SN BERNARDINO,CA,SCF SN BERNARDINO,CA,923
925,SN BERNARDINO,CA,SCF SN BERNARDINO,CA,923
926,SANTA ANA,CA,SCF SANTA ANA,CA,926
927,SANTA ANA,CA,SCF SANTA ANA,CA,926
928,ANAHEIM,CA,ANAHEIM,CA,"928,	D"
930,SANTA BARBARA,CA,SCF SANTA BARBARA,CA,931
931,SANTA BARBARA,CA,SCF SANTA BARBARA,CA,931
932,BAKERSFIELD,CA,SCF BAKERSFIELD,CA,932
933,BAKERSFIELD,CA,SCF BAKERSFIELD,CA,932
934,SANTA BARBARA,CA,SCF SANTA BARBARA,CA,931
935,BAKERSFIELD,CA,SCF BAKERSFIELD,CA,932
936,FRESNO,CA,SCF FRESNO,CA,936
937,FRESNO,CA,SCF FRESNO,CA,936
938,FRESNO,CA,SCF FRESNO,CA,936
939,SAN JOSE,CA,SCF SAN JOSE,CA,950
940,SAN FRANCISCO,CA,SCF SAN FRANCISCO,CA,940
941,SAN FRANCISCO,CA,SCF SAN FRANCISCO,CA,940
942,SACRAMENTO,CA,SCF SACRAMENTO,CA,956
943,SAN FRANCISCO,CA,SCF SAN FRANCISCO,CA,940
944,SAN FRANCISCO,CA,SCF SAN FRANCISCO,CA,940
945,OAKLAND,CA,SCF OAKLAND,CA,945
946,OAKLAND,CA,SCF OAKLAND,CA,945
947,OAKLAND,CA,SCF OAKLAND,CA,945
948,OAKLAND,CA,SCF OAKLAND,CA,945
949,NORTH BAY,CA,SCF SAN FRANCISCO,CA,940
950,SAN JOSE,CA,SCF SAN JOSE,CA,950
951,SAN JOSE,CA,SCF SAN JOSE,CA,950
952,SACRAMENTO,CA,SCF SACRAMENTO,CA,956
953,SACRAMENTO,CA,SCF SACRAMENTO,CA,956
954,NORTH BAY,CA,SCF SAN FRANCISCO,CA,940
955,EUREKA,CA,EUREKA,CA,"955,	D"
956,SACRAMENTO,CA,SCF SACRAMENTO,CA,956
957,SACRAMENTO,CA,SCF SACRAMENTO,CA,956
958,SACRAMENTO,CA,SCF SACRAMENTO,CA,956
959,SACRAMENTO,CA,SCF SACRAMENTO,CA,956
960,REDDING,CA,REDDING,CA,"960,	D"
961,RENO,NV,SCF RENO,NV,894
962,APO/FPO ,AP,NA,NA,NA
963,APO/FPO ,AP,NA,NA,NA
964,APO/FPO ,AP,NA,NA,NA
965,APO/FPO ,AP,NA,NA,NA
966,APO/FPO ,AP,NA,NA,NA
967,HONOLULU,HI,SCF HONOLULU,HI,967
968,HONOLULU,HI,SCF HONOLULU,HI,967
969,BARRIGADA,GU,BARRIGADA,GU,"969,	D"
970,PORTLAND,OR,SCF PORTLAND,OR,970
971,PORTLAND,OR,SCF PORTLAND,OR,970
972,PORTLAND,OR,SCF PORTLAND,OR,970
973,PORTLAND,OR,SCF PORTLAND,OR,970
974,EUGENE,OR,EUGENE,OR,"974,	D"
975,MEDFORD,OR,SCF MEDFORD,OR,975
976,MEDFORD,OR,SCF MEDFORD,OR,975
977,PORTLAND,OR,EUGENE,OR,"974,	D"
978,PORTLAND,OR,SCF PORTLAND,OR,970
979,BOISE,ID,SCF BOISE,ID,836
980,SEATTLE,WA,SCF SEATTLE,WA,980
981,SEATTLE,WA,SCF SEATTLE,WA,980
982,SEATTLE,WA,SCF SEATTLE,WA,980
983,TACOMA,WA,SCF TACOMA,WA,983
984,TACOMA,WA,SCF TACOMA,WA,983
985,TACOMA,WA,SCF TACOMA,WA,983
986,PORTLAND,OR,SCF PORTLAND,OR,970
988,WENATCHEE,WA,WENATCHEE,WA,"988,	D"
989,YAKIMA,WA,YAKIMA,WA,"989,	D"
990,SPOKANE,WA,SCF SPOKANE,WA,990
991,SPOKANE,WA,SCF SPOKANE,WA,990
992,SPOKANE,WA,SCF SPOKANE,WA,990
993,SPOKANE,WA,SCF SPOKANE,WA,990
994,SPOKANE,WA,SCF SPOKANE,WA,990
995,ANCHORAGE,AK,SCF ANCHORAGE,AK,995
996,ANCHORAGE,AK,SCF ANCHORAGE,AK,995
997,FAIRBANKS,AK,SCF ANCHORAGE,AK,995
998,JUNEAU,AK,JUNEAU,AK,"998,	D"
999,KETCHIKAN,AK,KETCHIKAN,AK,"999,	D"
